protocol_id,protocol_name,current_standard,current_version,historical_versions,public_model_name,public_model_url,model_target_version,version_mismatch_risk,notes
TLS1.3,TLS 1.3,RFC 9846 (July 2026; Proposed Standard),TLS 1.3 (same wire version as RFC 8446; RFC 9846 is a backward-compatible revision),RFC 8446 (2018; now obsolete); TLS 1.3 drafts (esp. draft-10 and draft-21); RFC 8446bis I-Ds superseded by RFC 9846,TLS13Tamarin (rev21 and earlier revisions),https://github.com/tls13tamarin/TLS13Tamarin,TLS 1.3 draft-21 (src/rev21); earlier folder revisions include draft-10 used in IEEE S&P 2016,HIGH: public Tamarin models target drafts not RFC 8446 and not RFC 9846; RFC 9846 adds MUST-level changes (no KeyShare reuse; forbid TLS 1.0/1.1 negotiation; KeyUpdate limits; terminology master->main). A draft-21 lemma does not license a claim about RFC 9846.,Papers: S17 (draft-10) S18 (draft-21). Current spec S01. Historical first standard S02.
TLS1.2,TLS 1.2 (historical control),RFC 5246 is the TLS 1.2 protocol text but is obsolete as the TLS specification; RFC 9846 still states requirements that optionally affect TLS 1.2 implementations,TLS 1.2 (legacy_version 0x0303),RFC 4346 (TLS 1.1); RFC 2246 (TLS 1.0); SSL 3.0 (non-IETF); RFC 8996 deprecates TLS 1.0/1.1,no dedicated current-standard Tamarin/Scyther model recorded in this ledger for full TLS 1.2,,n/a,HIGH if a TLS 1.2 or draft-TLS-1.3 result is narrated as TLS 1.3/RFC 9846 security,Use only as historical contrast (S03). Do not treat RFC 5246 being obsoleted as meaning TLS 1.2 has vanished from deployments.
IKEv2,Internet Key Exchange version 2,RFC 7296 (STD 79; October 2014) plus later updates RFC 7427/7670/8247/8983/9370/9827,IKEv2 (major version 2),RFC 4306 (original IKEv2); RFC 4718 (clarifications); RFC 5996 (IKEv2bis before STD); IKEv1 RFC 2409,Cremers ESORICS 2011 Scyther suite; mnm-team Tamarin Minimal IKEv2,https://github.com/mnm-team/tamarin-ikev2,Scyther paper: IKEv2 as of RFC 4306/5996 era (2011). Tamarin repo: Minimal IKEv2 initiator (RFC 7815) optionally with IKE_INTERMEDIATE draft,HIGH: (1) Scyther IKE analysis predates RFC 7296; (2) Tamarin model is Minimal IKEv2 not full STD 79 (no claim of covering all CREATE_CHILD_SA/rekey/NAT-T/EAP branches).,Architecture parent is RFC 4301 (S04). SIGMA (S12) is the cryptographic rationale for signature modes not a byte-level RFC.
NS-PK,Needham-Schroeder Public-Key,Needham and Schroeder CACM 1978 original (no later IETF/ISO replacement for this academic protocol),NS-PK 1978 three-message core (plus original key-server messages),n/a (the 1978 paper is the definition),Scyther bundled examples; Tamarin examples/classic; SPORE nspk,https://github.com/cascremers/scyther,1978 NS-PK (unfixed),LOW for the academic protocol itself; HIGH if results are generalized to Kerberos/IKE/TLS,Attack documented by Lowe 1995 (S08). Models must keep responder identity out of message 2 to remain NS-PK not NSL.
NSL,Needham-Schroeder-Lowe,Lowe 1996 fix (add responder identity B in the encrypted response),NSL,NS-PK 1978,Scyther/Tamarin classic NSL encodings; SPORE nspkLowe,https://github.com/cascremers/scyther,Lowe-fixed NS-PK,LOW if the model literally includes B in the ciphertext as in Lowe 1996; HIGH if a file named nsl still uses the 1978 message 2,S09 is the definition of the fix. Do not cite NSL proofs as proofs of 1978 NS-PK.
ISO9798,ISO/IEC 9798 entity authentication instances (9798-2 and 9798-3),ISO/IEC 9798-2:2019 (4th ed. confirmed 2024); ISO/IEC 9798-3:2019 (3rd ed. confirmed 2024),9798-2:2019; 9798-3:2019,9798-2:2008 + Cor.1-3; earlier 9798-3 editions; Basin/Cremers/Meier analyzed the then-current family and informed later repairs,Scyther gui/Protocols/ISO-9798/*.spdl,https://github.com/cascremers/scyther/tree/main/gui/Protocols/ISO-9798,ISO/IEC 9798 as modeled December 2010 (pre-2019 editions; comments mention unidirectional-key variants),HIGH: 2019 editions replaced encryption by authenticated encryption in Part 2 and incorporated earlier corrigenda. A 2010 SPDL file is not a 2019-standard artifact.,S13/S14 are current bibliographic records (paywalled full text). S15 records the analysis that fed later standard repairs.
DH,Diffie-Hellman key agreement (unauthenticated),1976 Diffie-Hellman paper; IETF method profile RFC 2631 (1999 Proposed Standard),classic DH 1976; RFC 2631 X9.42 variant,many group/profile RFCs (e.g. later MODP/ECDH RFCs not used as the protocol task here),Tamarin examples (classic / CSF12 DH/AKE case studies),https://github.com/tamarin-prover/tamarin-prover/tree/master/examples,unauthenticated DH / DH-based AKE case studies from Tamarin distribution,MEDIUM: RFC 2631 is an S/MIME-oriented method not TLS (EC)DHE or IKEv2 KE payload; 1976 DH has no authentication so attacks are expected,S10 is the original algorithm. S06 is the IETF method document.
SIGMA,SIGMA authenticated DH (SIGn-and-MAc),Krawczyk CRYPTO 2003 paper (not an RFC),SIGMA family 2003,used as cryptographic basis for IKE signature modes (IKEv1 and IKEv2),no standalone official Tamarin/Scyther SIGMA artifact recorded here as a first-party repo; IKE models inherit related design,n/a,paper protocol (not RFC 7296 byte spec),MEDIUM-HIGH if SIGMA lemmas are reported as IKEv2 RFC 7296 verification,S12. Related AKE: STS 1992 (S11).
STS,Station-to-Station protocol,Diffie van Oorschot Wiener 1992 journal paper,STS 1992,earlier 1987 ISDN-security presentations cited in the 1992 paper,not used as a required public-model task in this ledger,n/a,1992 STS,LOW for the academic protocol; HIGH if equated with IKE or TLS,S11. Included as the second DH/AKE specimen alongside SIGMA/DH.
